Rank,Mountain peak,Mountain range,Elevation,Prominence,Isolation,Latitude,Longitude
1,Kings Peak,Uinta Mountains,"13,534 ft4125 m","6,358 ft1938 m",166.6 mi268 km,40.7763,-110.3729
2,Mount Peale,La Sal Mountains,"12,726 ft3879 m","6,181 ft1884 m",72.8 mi117.1 km,38.4385,-109.2292
3,Mount Waas,La Sal Mountains,"12,316 ft3753.8 m","1,793 ft547 m",5.24 mi8.43 km,38.5391,-109.2278
4,Delano Peak,Tushar Mountains,"12,174 ft3710.7 m","4,709 ft1435 m",112.1 mi180.5 km,38.3692,-112.3714
5,Ibapah Peak,Deep Creek Range,"12,092 ft3686 m","5,267 ft1605 m",61.2 mi98.5 km,39.8282,-113.92
6,Bald Mountain,Uinta Mountains,"11,948 ft3642 m","1,843 ft562 m",4.01 mi6.45 km,40.6989,-110.9031
7,Mount Nebo,Wasatch Range,"11,933 ft3637 m","5,508 ft1679 m",75.6 mi121.6 km,39.8219,-111.7603
8,South Mountain,La Sal Mountains,"11,822 ft3603 m","1,679 ft512 m",2.65 mi4.26 km,38.4011,-109.2615
9,Mount Timpanogos,Wasatch Range,"11,752 ft3582 m","5,279 ft1609 m",39.6 mi63.8 km,40.3908,-111.6459
10,Fish Lake Hightop,Fish Lake Plateau,"11,639 ft3547.5 m","4,157 ft1267 m",35.5 mi57.1 km,38.608,-111.7394
11,Mount Marvine,Fish Lake Plateau,"11,604 ft3537 m","1,870 ft570 m",6.75 mi10.86 km,38.6682,-111.6411
12,Mount Hilgard,Fish Lake Plateau,"11,538 ft3517 m","2,103 ft641 m",5.37 mi8.65 km,38.6841,-111.5438
13,Mount Ellen Peak,Henry Mountains,"11,527 ft3513 m","5,862 ft1787 m",56 mi90.2 km,38.1089,-110.8136
14,Twin Peaks,Wasatch Range,"11,494 ft3503 m","3,669 ft1118 m",11.12 mi17.89 km,40.5518,-111.6566
15,Mount Pennell,Henry Mountains,"11,413 ft3478.7 m","3,588 ft1094 m",8.02 mi12.9 km,37.9564,-110.7908
16,Abajo Peak,Abajo Mountains,"11,362 ft3463 m","4,555 ft1388 m",39.9 mi64.2 km,37.8395,-109.4624
17,Bluebell Knoll,Aquarius Plateau,"11,346 ft3458 m","2,930 ft893 m",32.6 mi52.5 km,38.1594,-111.5004
18,Circleville Mountain,Tushar Mountains,"11,336 ft3455.3 m","1,671 ft509 m",11.05 mi17.79 km,38.1964,-112.402
19,Brian Head,Markagunt Plateau,"11,312 ft3448 m","3,767 ft1148 m",42.5 mi68.5 km,37.6812,-112.8312
20,Thousand Lake Mountain,Fish Lake Plateau,"11,300 ft3444.3 m","2,366 ft721 m",17.81 mi28.7 km,38.4171,-111.4793
21,South Tent Mountain,Wasatch Plateau,"11,288 ft3440.5 m","3,385 ft1032 m",35.8 mi57.5 km,39.3922,-111.3576
22,Monroe Peak,Sevier Plateau,"11,232 ft3423.6 m","4,117 ft1255 m",17.17 mi27.6 km,38.5361,-112.0734
23,Glenwood Mountain,Sevier Plateau,"11,220 ft3420 m","1,846 ft563 m",6.9 mi11.11 km,38.6253,-112.0157
24,Provo Peak,Wasatch Range,"11,072 ft3375 m","3,448 ft1051 m",10.54 mi16.97 km,40.2443,-111.557
25,Mount Dutton,Sevier Plateau,"11,047 ft3367.2 m","3,411 ft1040 m",15.76 mi25.4 km,38.0206,-112.2173
26,Deseret Peak,Stansbury Mountains,"11,035 ft3364 m","5,812 ft1772 m",46 mi74 km,40.4595,-112.6264
27,Bald Mountain,Wasatch Range,"10,920 ft3328.3 m","1,713 ft522 m",2.71 mi4.36 km,39.8772,-111.7581
28,Rocky Peak,Deep Creek Range,"10,753 ft3277 m","1,823 ft556 m",4.42 mi7.11 km,39.9116,-113.8974
29,Mount Hillers,Henry Mountains,"10,741 ft3274 m","3,357 ft1023 m",7 mi11.27 km,37.8874,-110.697
30,Loafer Mountain,Wasatch Range,"10,689 ft3258 m","2,905 ft885 m",10.22 mi16.45 km,39.9833,-111.6237
31,Flat Top Mountain,Oquirrh Mountains,"10,624 ft3238 m","5,383 ft1641 m",23.8 mi38.4 km,40.3724,-112.1888
32,Signal Peak,Pine Valley Mountains,"10,369 ft3161 m","4,505 ft1373 m",35 mi56.3 km,37.3195,-113.4922
33,Navajo Mountain,Colorado Plateau,"10,348 ft3154.2 m","4,236 ft1291 m",58.6 mi94.3 km,37.0343,-110.8697
34,Strawberry Peak,Roan Cliffs,"10,341 ft3152 m","2,338 ft713 m",19.46 mi31.3 km,40.047,-110.9847
35,Mine Camp Peak,Pavant Range,"10,227 ft3117 m","3,001 ft915 m",20.1 mi32.3 km,38.8737,-112.2534
36,Spanish Fork Peak,Wasatch Range,"10,196 ft3107.6 m","2,972 ft906 m",8.83 mi14.21 km,40.0879,-111.5277
37,Bruin Point,Roan Cliffs,"10,187 ft3105 m","2,724 ft830 m",42.9 mi69.1 km,39.6442,-110.3482
38,Salt Benchmark,San Pitch Mountains,"10,001 ft3048.4 m","3,697 ft1127 m",10.13 mi16.3 km,39.6649,-111.7432
39,Shay Mountain,Abajo Mountains,"9,993 ft3046 m","1,649 ft503 m",6.19 mi9.96 km,37.9355,-109.5489
40,Naomi Peak,Wasatch Range,"9,984 ft3043 m","3,169 ft966 m",61.5 mi98.9 km,41.9114,-111.6754
41,Bull Mountain,Raft River Mountains,"9,938 ft3029 m","3,754 ft1144 m",24.3 mi39.2 km,41.91,-113.3659
42,Raft River Peak,Raft River Mountains,"9,931 ft3027 m","3,740 ft1140 m",23.9 mi38.5 km,41.9048,-113.3888
43,Dry Mountain,Wasatch Range,"9,869 ft3008 m","1,845 ft562 m",4.59 mi7.39 km,39.9406,-111.7316
44,Indian Peak,Indian Peak Range,"9,795 ft2985 m","3,660 ft1116 m",39.6 mi63.7 km,38.267,-113.8753
45,Willard Peak,Wasatch Range,"9,771 ft2978.1 m","3,263 ft995 m",39.4 mi63.5 km,41.3828,-111.9746
46,Logan Peak,Bear River Mountains,"9,719 ft2962.2 m","2,995 ft913 m",13.83 mi22.3 km,41.7135,-111.7177
47,Fool Creek Peak,Canyon Mountains,"9,717 ft2961.7 m","3,732 ft1138 m",23.1 mi37.3 km,39.3926,-112.2072
48,Thurston Peak,Wasatch Range,"9,710 ft2959.68 m","2,697 ft822 m",20.2 mi32.6 km,41.082,-111.8516
49,Swasey Peak,House Range,"9,675 ft2949 m","4,529 ft1380 m",40.7 mi65.5 km,39.3882,-113.3164
50,Frisco Peak,San Francisco Mountains,"9,663 ft2945.25 m","4,040 ft1231 m",36.3 mi58.4 km,38.5204,-113.2876
